<?xml version="1.0" encoding="UTF-8"?>
<configurationDescriptor version="100">
  <logicalFolder name="root" displayName="root" projectFiles="true" kind="ROOT">
    <logicalFolder name="SourceFiles"
                   displayName="Исходные файлы"
                   projectFiles="true">
      <itemPath>camera/camera.cpp</itemPath>
      <itemPath>connecter/connector.cpp</itemPath>
      <itemPath>gui/gui.cpp</itemPath>
      <itemPath>main.cpp</itemPath>
      <itemPath>pos_system/object_detect/obj_detect.cpp</itemPath>
      <itemPath>pos_system/pos_sys.cpp</itemPath>
      <itemPath>settings/settings.cpp</itemPath>
    </logicalFolder>
    <logicalFolder name="HeaderFiles"
                   displayName="Файлы заголовков"
                   projectFiles="true">
      <itemPath>camera/camera.h</itemPath>
      <itemPath>connecter/connector.h</itemPath>
      <itemPath>gui/gui.h</itemPath>
      <itemPath>pos_system/object_detect/obj_detect.h</itemPath>
      <itemPath>pos_system/pos_sys.h</itemPath>
      <itemPath>settings/settings.h</itemPath>
    </logicalFolder>
    <logicalFolder name="ResourceFiles"
                   displayName="Файлы ресурсов"
                   projectFiles="true">
      <itemPath>gui/ui/calibration_coordinates.ui</itemPath>
      <itemPath>gui/ui/camera_settings.ui</itemPath>
      <itemPath>gui/ui/gui.ui</itemPath>
      <itemPath>gui/ui/object_params.ui</itemPath>
    </logicalFolder>
    <logicalFolder name="TestFiles"
                   displayName="Файлы тестов"
                   projectFiles="false"
                   kind="TEST_LOGICAL_FOLDER">
    </logicalFolder>
    <logicalFolder name="ExternalFiles"
                   displayName="Важные файлы"
                   projectFiles="false"
                   kind="IMPORTANT_FILES_FOLDER">
      <itemPath>Makefile</itemPath>
    </logicalFolder>
  </logicalFolder>
  <projectmakefile>Makefile</projectmakefile>
  <confs>
    <conf name="Debug" type="4">
      <toolsSet>
        <compilerSet>default</compilerSet>
        <dependencyChecking>true</dependencyChecking>
        <rebuildPropChanged>false</rebuildPropChanged>
      </toolsSet>
      <qt>
        <destdir>bin</destdir>
        <modules>core gui widgets</modules>
        <mocDir>build</mocDir>
        <rccDir>build</rccDir>
        <uiDir>gui</uiDir>
      </qt>
      <compileType>
        <ccTool>
          <standard>8</standard>
        </ccTool>
        <linkerTool>
          <linkerLibItems>
            <linkerOptionItem>-fopenmp</linkerOptionItem>
            <linkerOptionItem>-lopencv_shape -lopencv_stitching -lopencv_superres -lopencv_videostab -lopencv_aruco -lopencv_bgsegm -lopencv_bioinspired -lopencv_ccalib -lopencv_datasets -lopencv_dpm -lopencv_face -lopencv_freetype -lopencv_fuzzy -lopencv_hdf -lopencv_line_descriptor -lopencv_optflow -lopencv_video -lopencv_plot -lopencv_reg -lopencv_saliency -lopencv_stereo -lopencv_structured_light -lopencv_phase_unwrapping -lopencv_rgbd -lopencv_viz -lopencv_surface_matching -lopencv_text -lopencv_ximgproc -lopencv_calib3d -lopencv_features2d -lopencv_flann -lopencv_xobjdetect -lopencv_objdetect -lopencv_ml -lopencv_xphoto -lopencv_highgui -lopencv_videoio -lopencv_imgcodecs -lopencv_photo -lopencv_imgproc -lopencv_core</linkerOptionItem>
            <linkerOptionItem>-lyaml-cpp</linkerOptionItem>
          </linkerLibItems>
        </linkerTool>
      </compileType>
      <item path="camera/camera.cpp" ex="false" tool="1" flavor2="0">
      </item>
      <item path="camera/camera.h" ex="false" tool="3" flavor2="0">
      </item>
      <item path="connecter/connector.cpp" ex="false" tool="1" flavor2="0">
      </item>
      <item path="connecter/connector.h" ex="false" tool="3" flavor2="0">
      </item>
      <item path="gui/gui.cpp" ex="false" tool="1" flavor2="0">
      </item>
      <item path="gui/gui.h" ex="false" tool="3" flavor2="0">
      </item>
      <item path="gui/ui/calibration_coordinates.ui" ex="false" tool="3" flavor2="0">
      </item>
      <item path="gui/ui/camera_settings.ui" ex="false" tool="3" flavor2="0">
      </item>
      <item path="gui/ui/gui.ui" ex="false" tool="3" flavor2="0">
      </item>
      <item path="gui/ui/object_params.ui" ex="false" tool="3" flavor2="0">
      </item>
      <item path="main.cpp" ex="false" tool="1" flavor2="0">
      </item>
      <item path="pos_system/object_detect/obj_detect.cpp"
            ex="false"
            tool="1"
            flavor2="0">
      </item>
      <item path="pos_system/object_detect/obj_detect.h"
            ex="false"
            tool="3"
            flavor2="0">
      </item>
      <item path="pos_system/pos_sys.cpp" ex="false" tool="1" flavor2="0">
      </item>
      <item path="pos_system/pos_sys.h" ex="false" tool="3" flavor2="0">
      </item>
      <item path="settings/settings.cpp" ex="false" tool="1" flavor2="0">
      </item>
      <item path="settings/settings.h" ex="false" tool="3" flavor2="0">
      </item>
    </conf>
    <conf name="Release" type="4">
      <toolsSet>
        <compilerSet>default</compilerSet>
        <dependencyChecking>true</dependencyChecking>
        <rebuildPropChanged>false</rebuildPropChanged>
      </toolsSet>
      <qt>
        <buildMode>1</buildMode>
        <modules>core gui widgets</modules>
      </qt>
      <compileType>
        <cTool>
          <developmentMode>5</developmentMode>
        </cTool>
        <ccTool>
          <developmentMode>5</developmentMode>
        </ccTool>
        <fortranCompilerTool>
          <developmentMode>5</developmentMode>
        </fortranCompilerTool>
        <asmTool>
          <developmentMode>5</developmentMode>
        </asmTool>
      </compileType>
      <item path="camera/camera.cpp" ex="false" tool="1" flavor2="0">
      </item>
      <item path="camera/camera.h" ex="false" tool="3" flavor2="0">
      </item>
      <item path="connecter/connector.cpp" ex="false" tool="1" flavor2="0">
      </item>
      <item path="connecter/connector.h" ex="false" tool="3" flavor2="0">
      </item>
      <item path="gui/gui.cpp" ex="false" tool="1" flavor2="0">
      </item>
      <item path="gui/gui.h" ex="false" tool="3" flavor2="0">
      </item>
      <item path="gui/ui/calibration_coordinates.ui" ex="false" tool="3" flavor2="0">
      </item>
      <item path="gui/ui/camera_settings.ui" ex="false" tool="3" flavor2="0">
      </item>
      <item path="gui/ui/gui.ui" ex="false" tool="3" flavor2="0">
      </item>
      <item path="gui/ui/object_params.ui" ex="false" tool="3" flavor2="0">
      </item>
      <item path="main.cpp" ex="false" tool="1" flavor2="0">
      </item>
      <item path="pos_system/object_detect/obj_detect.cpp"
            ex="false"
            tool="1"
            flavor2="0">
      </item>
      <item path="pos_system/object_detect/obj_detect.h"
            ex="false"
            tool="3"
            flavor2="0">
      </item>
      <item path="pos_system/pos_sys.cpp" ex="false" tool="1" flavor2="0">
      </item>
      <item path="pos_system/pos_sys.h" ex="false" tool="3" flavor2="0">
      </item>
      <item path="settings/settings.cpp" ex="false" tool="1" flavor2="0">
      </item>
      <item path="settings/settings.h" ex="false" tool="3" flavor2="0">
      </item>
    </conf>
  </confs>
</configurationDescriptor>
