<?xml version="1.0" encoding="UTF-8"?>
<project-private xmlns="http://www.netbeans.org/ns/project-private/1">
    <data xmlns="http://www.netbeans.org/ns/make-project-private/1">
        <activeConfTypeElem>4</activeConfTypeElem>
        <activeConfIndexElem>0</activeConfIndexElem>
    </data>
    <editor-bookmarks xmlns="http://www.netbeans.org/ns/editor-bookmarks/2" lastBookmarkId="0"/>
    <open-files xmlns="http://www.netbeans.org/ns/projectui-open-files/2">
        <group>
            <file>file:/home/tottoro/NetBeans%20projects/Gameosos/pos_system/pos_sys.cpp</file>
            <file>file:/home/tottoro/NetBeans%20projects/Gameosos/pos_system/object_detect/obj_detect.cpp</file>
            <file>file:/home/tottoro/NetBeans%20projects/Gameosos/gui/gui.cpp</file>
        </group>
    </open-files>
</project-private>
